CustomerID,CustomerName
0,Unknown
1,ALK-Abello Ltd
2,Accord Group
3,Accudial Company
4,Actavis Company
5,Aibox Company
6,Aimbo Corp
7,Aldi Ltd
8,Alembic Ltd
9,American Corp
10,Amerisourc Corp
11,Arbor Company
12,Army Group
13,Aromaticos Company
14,Ascend Ltd
15,Avamba Company
16,Avavee Group
17,Aveda Group
18,BB17 Company
19,BTA Corp
20,Bath Group
21,Blogspan Ltd
22,Blogtags Ltd
23,Bluezoom Group
24,Brainspher Ltd
25,Brightdog Corp
26,Browsebug Company
27,Browsetype Corp
28,Buzzbean Group
29,Buzzshare Company
30,CARDINAL Group
31,CLINIQUE Ltd
32,Cadila Ltd
33,Camido Company
34,Cantrell Company
35,Centizu Company
36,Chatterbri Ltd
37,Chatterpoi Corp
38,Cogidoo Company
39,Cogilith Group
40,Colgate-Pa Group
41,Dazzlesphe Corp
42,Deseret Group
43,Devpoint Group
44,Divanoodle Ltd
45,Dynazzy Company
46,EMD Group
47,Eayo Company
48,Eidel Corp
49,Eire Corp
50,Epic Group
51,Family Corp
52,Fatz Group
53,Feednation Corp
54,Fivebridge Ltd
55,Fivechat Company
56,Flipbug Ltd
57,Flipstorm Group
58,Fred's Company
59,GOOD Ltd
60,Gabvine Ltd
61,Geiss Company
62,General Company
63,Gigabox Group
64,Golden Corp
65,H Ltd
66,Holston Company
67,Internatio Company
68,Jabbercube Corp
69,Janyx Group
70,Jaxbean Group
71,Jayo Company
72,Johnson Ltd
73,Kare Corp
74,Kaymbo Company
75,Kazu Corp
76,Lazzy Group
77,Liberty Group
78,Linkbuzz Ltd
79,Linklinks Ltd
80,Livepath Corp
81,MEIJER Corp
82,Meejo Corp
83,Mita Corp
84,Muxo Group
85,Mycone Ltd
86,Mydeo Ltd
87,Mydo Corp
88,Mylan Corp
89,NARS Group
90,NCS Group
91,Natures Group
92,Neutrogena Ltd
93,Nexus Group
94,Nlounge Ltd
95,Oba Company
96,Omba Group
97,Oozz Group
98,Organon Corp
99,Ozu Ltd
100,Pacific Ltd
101,Pfizer Corp
102,Pixoboo Corp
103,Podcat Corp
104,Quaxo Ltd
105,Quimm Company
106,Realbridge Corp
107,Realbuzz Ltd
108,Realcube Company
109,Realpoint Corp
110,Remedy Ltd
111,Revitol Company
112,Rhynoodle Ltd
113,Roberts Company
114,Rochester Group
115,Roomm Company
116,Rooxo Company
117,SAFEWAY Ltd
118,SEINDNI Corp
119,SHISEIDO Ltd
120,SUPERVALU Ltd
121,Safecor Corp
122,Sanum-Kehl Group
123,Shuffledri Group
124,Skajo Ltd
125,Skidoo Company
126,Skinder Group
127,Skippad Ltd
128,Skiptube Ltd
129,Skyble Corp
130,Skyvu Group
131,Snaptags Ltd
132,State Ltd
133,Tagfeed Ltd
134,Talane Group
135,Tambee Company
136,Tekfly Group
137,Terumo Corp
138,The Ltd
139,Thoughtmix Ltd
140,Topco Company
141,Topiczoom Corp
142,True Ltd
143,Trunyx Ltd
144,Twimbo Company
145,Twinte Group
146,Twitterbri Ltd
147,US Ltd
148,Unit Ltd
149,Valeant Corp
150,Vimbo Company
151,Vinte Group
152,Vitz Company
153,Viva Ltd
154,Voolia Ltd
155,Voolith Ltd
156,Voonyx Group
157,WOCKHARDT Group
158,WOONSOCKET Corp
159,Walgreen Corp
160,Wise Company
161,Wordpedia Ltd
162,Wordtune Company
163,Wordware Company
164,Yodoo Ltd
165,Yombu Corp
166,Z.H.T. Group
167,Zava Group
168,Zoomdog Corp
169,Zoomzone Corp
170,Zoonder Group
171,Zoonoodle Ltd
172,Zooveo Company
173,Zoovu Corp
174,Zooxo Ltd
175,sanofi-ave Group
